team,wins,losses,goals,total_yel_card,total_red_card,total_scoring_att,ontarget_scoring_att,hit_woodwork,att_hd_goal,att_pen_goal,att_freekick_goal,att_ibox_goal,att_obox_goal,goal_fastbreak,total_offside,clean_sheet,goals_conceded,saves,outfielder_block,interception,total_tackle,last_man_tackle,total_clearance,head_clearance,own_goals,penalty_conceded,pen_goals_conceded,total_pass,total_through_ball,total_long_balls,backward_pass,total_cross,corner_taken,touches,big_chance_missed,clearance_off_line,dispossessed,penalty_save,total_high_claim,punches,season
Liverpool,20,10,57,44,0,668,214,15,8,6,1,46,11,3,120,20,27,1,65,246,969,2,1115,,0,1,1,17154,,2800,,1107,282,24150,,1,,0,51,27,2006-2007
Arsenal,19,8,63,59,3,638,226,19,10,10,3,53,10,7,111,12,35,6,73,214,998,1,1202,,1,3,3,18458,,2045,,873,278,25592,,1,,0,88,27,2006-2007
Tottenham Hotspur,17,12,57,48,3,520,184,6,5,6,2,44,13,9,149,6,54,11,128,276,995,2,1412,,2,7,6,14914,,2408,,796,181,22200,,2,,0,51,24,2006-2007
Reading,16,15,52,38,3,419,132,8,15,3,0,42,10,3,87,13,47,4,95,277,855,0,1022,,3,6,6,11232,,2378,,1067,280,18017,,2,,0,63,21,2006-2007
Middlesbrough,12,16,44,64,2,454,144,7,7,4,1,37,7,3,89,9,49,18,119,238,841,1,1243,,1,7,7,12779,,2403,,769,187,19199,,5,,0,78,37,2006-2007
West Ham United,12,21,35,85,2,461,134,8,3,1,2,27,8,3,92,9,59,4,132,233,860,1,1232,,2,4,4,13178,,2403,,849,196,20040,,5,,0,64,25,2006-2007
Aston Villa,11,10,43,48,1,470,154,9,5,6,1,34,9,6,147,13,41,1,115,221,936,0,1212,,1,4,3,13254,,2152,,886,213,20002,,5,,0,57,26,2006-2007
Newcastle United,11,17,38,65,1,454,140,11,8,5,0,30,8,6,102,7,47,5,141,361,965,0,1004,,2,2,2,14628,,2649,,793,195,21213,,9,,0,48,26,2006-2007
Watford,5,20,29,45,2,418,135,10,4,3,0,24,5,0,122,9,59,17,117,221,744,1,1179,,5,6,5,10175,,2263,,983,212,16772,,3,,0,63,15,2006-2007
Chelsea,24,3,64,62,4,636,216,14,16,3,6,41,23,6,127,22,24,4,74,292,982,0,1206,,1,3,2,16759,,2270,,897,231,24010,,2,,1,74,22,2006-2007
Everton,15,10,52,65,2,465,153,9,9,8,2,44,8,3,81,14,36,5,120,303,860,1,1386,,3,4,2,12274,,2288,,867,208,19250,,2,,1,83,15,2006-2007
Manchester City,11,18,29,59,4,454,147,5,3,2,0,23,6,5,142,14,44,0,110,234,986,1,1213,,2,3,2,12765,,2059,,811,198,19378,,4,,1,64,17,2006-2007
Sheffield United,10,20,32,68,2,483,147,14,10,2,2,25,7,2,82,9,55,3,122,203,917,2,1217,,2,8,7,11123,,2248,,800,178,17713,,8,,1,43,21,2006-2007
Fulham,8,15,38,56,3,451,142,8,8,3,1,30,8,0,94,7,60,12,98,198,901,0,1386,,2,8,6,11820,,2214,,895,173,18720,,6,,1,45,22,2006-2007
Manchester United,28,5,83,60,1,698,256,21,12,5,1,72,11,9,80,16,27,2,81,254,890,1,1222,,1,5,3,18723,,2397,,918,258,25686,,1,,2,37,25,2006-2007
Bolton Wanderers,16,14,47,84,4,404,120,7,10,6,0,38,9,3,95,12,52,13,101,235,811,0,1037,,3,8,6,12400,,2403,,942,217,18932,,6,,2,44,21,2006-2007
Portsmouth,14,12,45,48,1,525,186,9,13,2,0,32,13,2,141,12,42,14,96,220,948,1,1164,,0,8,6,12616,,2276,,783,247,19377,,4,,2,79,30,2006-2007
Wigan Athletic,10,20,37,73,3,474,147,9,6,3,1,31,6,2,84,10,59,13,91,204,809,0,1206,,5,7,5,11353,,2418,,813,177,17564,,4,,2,61,29,2006-2007
Charlton Athletic,8,20,34,56,4,418,133,11,6,4,1,27,7,2,96,11,60,5,138,340,919,0,1483,,2,7,5,12722,,2466,,750,178,19497,,7,,2,50,13,2006-2007
Blackburn Rovers,15,16,52,77,6,478,155,5,12,5,3,43,9,2,142,8,54,22,114,282,864,2,1095,,2,11,6,14033,,2544,,911,205,20812,,8,,5,56,25,2006-2007
Manchester United,27,5,80,51,2,696,260,16,12,6,6,64,16,7,100,21,22,2,96,446,978,2,2022,1140,0,1,1,17422,90,2417,,936,261,26620,,10,627,0,47,23,2007-2008
Chelsea,25,3,65,63,5,605,199,12,10,7,1,52,13,3,128,21,26,4,101,506,917,4,1687,851,0,3,3,17252,91,2154,,945,253,26290,,8,687,0,62,19,2007-2008
Everton,19,11,55,40,3,474,169,4,13,1,1,48,7,7,73,14,33,0,133,496,816,2,2136,1006,1,4,4,12397,28,2142,,877,198,21360,,8,620,0,55,20,2007-2008
Newcastle United,11,17,45,63,1,481,153,10,10,4,2,34,10,1,102,8,65,0,132,553,876,1,1823,874,1,2,2,13947,31,2420,,966,209,22761,,8,717,0,35,20,2007-2008
Sunderland,11,21,36,65,4,483,137,7,10,1,0,31,5,2,75,7,59,0,125,650,892,0,2051,1031,3,9,9,12727,19,2244,,889,183,21415,,5,586,0,40,25,2007-2008
Tottenham Hotspur,11,14,66,51,1,555,195,19,12,4,1,59,7,9,123,9,61,0,125,534,960,2,2043,1053,1,1,1,15466,56,2428,,994,238,24679,,6,612,0,46,21,2007-2008
Middlesbrough,10,16,43,86,2,499,152,13,9,2,2,37,6,6,126,8,53,0,136,528,835,0,2139,1043,5,2,2,12200,48,2341,,960,219,21064,,2,575,0,68,38,2007-2008
Bolton Wanderers,9,19,36,76,0,451,149,14,5,0,2,30,6,2,111,12,54,0,145,542,866,3,2166,1128,4,5,5,11854,22,2163,,905,208,20846,,6,545,0,47,20,2007-2008
Birmingham City,8,19,46,70,3,414,143,6,6,6,5,34,12,1,78,3,62,0,143,515,935,3,2145,1023,1,8,8,10630,35,2219,,774,193,19541,,6,551,0,77,11,2007-2008
Fulham,8,18,38,55,6,469,154,7,7,2,4,29,9,3,91,7,60,0,119,466,851,2,2072,938,2,5,5,12576,29,2311,,849,183,21259,,4,589,0,55,27,2007-2008
Derby County,1,29,20,63,1,376,116,7,3,0,0,15,5,2,103,3,89,8,129,510,898,5,2042,976,2,4,4,11739,29,2168,,804,158,20140,,5,464,0,68,24,2007-2008
Arsenal,24,3,74,55,3,627,208,13,14,5,1,65,9,7,110,15,31,0,91,505,878,1,1840,926,2,4,3,18831,92,1946,,888,234,28156,,2,776,1,45,26,2007-2008
Liverpool,21,4,67,45,1,686,214,13,7,5,2,51,16,7,93,18,28,0,83,614,1089,2,1952,1060,2,5,4,16360,57,2761,,932,237,25857,,4,613,1,42,22,2007-2008
Wigan Athletic,10,18,34,59,4,489,141,11,6,4,1,28,6,3,137,12,51,5,129,531,883,3,1837,917,1,4,2,11684,27,2163,,767,186,19855,,7,510,1,68,14,2007-2008
Aston Villa,16,10,71,54,4,511,182,11,16,6,5,55,16,3,115,9,51,3,139,461,885,0,2220,1183,3,4,2,11438,30,1982,,932,229,20734,,6,655,2,40,14,2007-2008
Portsmouth,16,13,48,55,3,559,160,9,4,4,2,35,13,6,95,16,40,4,105,521,963,1,2103,1029,3,4,2,12794,37,2278,,663,184,21907,,4,683,2,77,28,2007-2008
Blackburn Rovers,15,10,50,72,6,530,185,14,11,5,1,40,10,3,95,8,48,0,116,550,833,3,2065,1003,1,6,4,13650,31,2281,,883,196,22599,,5,532,2,59,27,2007-2008
Manchester City,15,13,45,50,4,423,143,5,5,2,2,34,11,3,103,11,53,4,151,482,916,3,1852,819,2,4,2,15149,45,2289,,695,156,23416,,7,559,2,45,43,2007-2008
Reading,10,22,41,59,5,441,132,10,12,2,1,35,6,3,60,8,66,7,128,452,800,2,1783,859,2,7,3,10431,45,2199,,1087,238,19140,,6,532,2,61,28,2007-2008
West Ham United,13,15,42,63,1,500,154,15,7,2,2,34,8,3,117,8,50,1,142,444,848,1,1952,978,1,6,2,13773,39,2376,,910,207,22347,,8,511,3,77,19,2007-2008
Manchester United,28,4,68,61,5,715,230,9,7,4,4,56,12,12,99,24,24,,120,640,741,8,1322,716,1,3,3,19416,291,2192,,1039,257,30077,,3,579,0,56,22,2008-2009
Liverpool,25,2,77,50,0,736,224,26,14,5,2,65,12,4,98,20,27,,66,657,927,5,1279,722,3,2,2,19505,192,2714,,1021,269,29875,,0,470,0,61,19,2008-2009
Aston Villa,17,10,54,54,2,472,159,15,10,4,2,44,10,10,85,13,48,,146,710,982,11,1764,1088,0,6,6,12419,81,2208,,1119,257,23020,,4,536,0,32,26,2008-2009
Everton,17,9,55,49,1,496,169,12,14,4,4,47,8,0,99,17,37,,146,660,775,12,1602,854,2,3,3,15024,102,2299,,1022,191,25205,,4,584,0,74,25,2008-2009
Tottenham Hotspur,14,15,45,54,5,544,177,7,5,3,0,39,6,7,85,13,45,,122,743,781,7,1511,886,2,4,3,15723,170,2099,,1005,221,26576,,6,538,0,69,56,2008-2009
Stoke City,12,17,38,73,5,364,100,11,14,5,0,35,3,1,65,12,55,,169,574,688,11,1555,926,2,3,2,9478,66,2171,,697,174,18693,,7,438,0,85,41,2008-2009
Blackburn Rovers,10,17,40,74,4,473,148,13,9,4,1,35,5,0,119,10,60,,119,557,824,14,1649,900,2,6,5,13436,111,2307,,865,199,23450,,9,372,0,48,36,2008-2009
West Bromwich Albion,8,22,36,67,1,559,165,16,4,3,3,31,5,5,101,8,67,,136,591,803,14,1477,776,0,4,4,14518,178,2311,,962,226,24904,,5,581,0,60,24,2008-2009
Middlesbrough,7,20,28,55,3,498,140,7,1,1,2,25,3,0,121,7,57,,144,607,784,23,1582,846,6,2,2,13124,124,2130,,983,172,23322,,5,540,0,85,18,2008-2009
Chelsea,25,5,68,50,3,797,248,17,12,2,2,59,9,4,114,22,24,,124,504,773,15,1069,585,1,1,0,19923,205,2121,,938,237,29962,,3,518,1,111,35,2008-2009
Manchester City,15,18,58,49,4,572,201,11,3,6,2,52,6,8,79,10,50,,124,740,939,18,1496,828,2,4,3,15971,187,2229,,690,210,26120,,7,578,1,54,34,2008-2009
Fulham,14,13,39,40,1,511,149,11,2,5,0,33,6,5,92,15,34,,153,667,812,10,1632,1011,0,2,1,16100,151,2297,,765,188,26306,,8,467,1,70,44,2008-2009
Wigan Athletic,12,17,34,59,4,590,163,10,3,5,2,29,5,2,101,13,45,,110,685,934,12,1636,927,1,3,2,12319,139,2226,,943,210,23071,,10,445,1,38,20,2008-2009
Bolton Wanderers,11,19,41,62,1,488,154,7,10,0,3,35,6,2,71,7,53,,183,555,890,14,1880,1023,2,7,6,10649,81,2078,,853,201,20876,,5,448,1,42,28,2008-2009
Portsmouth,10,17,38,58,5,500,152,19,10,2,1,32,6,2,81,8,57,,113,653,922,17,1552,892,0,7,6,14497,142,2379,,852,194,25414,,9,601,1,79,26,2008-2009
Sunderland,9,20,34,69,1,473,144,10,8,1,1,27,7,4,96,9,54,,173,609,888,6,1596,978,2,5,3,14144,122,2126,,985,172,24442,,4,491,1,58,27,2008-2009
Hull City,8,19,39,71,3,476,149,9,13,3,3,33,6,5,141,6,64,,160,624,811,15,1677,967,4,3,2,11809,83,2363,,930,186,21712,,4,490,1,56,22,2008-2009
Newcastle United,7,18,40,57,8,444,125,12,10,4,0,38,2,2,73,7,59,,142,591,735,22,1278,693,2,9,8,14172,148,2300,,895,165,24327,,5,659,1,40,24,2008-2009
Arsenal,20,6,68,58,3,662,220,22,14,5,0,62,6,7,88,16,37,,87,872,875,6,1280,738,3,5,3,18991,225,2044,,1069,267,29877,,9,692,2,65,26,2008-2009
West Ham United,14,15,42,66,4,515,167,12,4,1,1,37,5,4,130,10,45,,190,606,896,13,1601,867,2,6,3,15316,220,1901,,720,189,25662,,7,601,2,65,37,2008-2009
Manchester United,27,7,86,49,4,695,221,12,14,6,3,77,9,6,85,19,28,0,100,602,828,13,983,584,0,2,2,19318,243,2205,,1156,297,28968,,2,622,0,65,18,2009-2010
Aston Villa,17,8,52,59,2,497,158,5,12,5,0,44,8,4,81,15,39,0,225,690,880,6,1531,877,3,6,6,13127,70,2055,,1031,236,23210,,10,520,0,39,39,2009-2010
Birmingham City,13,14,38,74,1,452,155,7,3,2,4,30,8,4,98,11,47,0,193,777,785,4,1499,815,1,3,3,13540,124,2433,,736,186,23678,,5,445,0,78,35,2009-2010
Blackburn Rovers,13,14,41,57,2,489,161,18,11,3,0,35,6,2,124,13,55,0,132,730,709,12,1557,832,1,2,2,11792,91,2203,,752,181,21245,,6,445,0,61,32,2009-2010
Fulham,12,16,39,46,1,463,144,7,4,4,2,30,9,0,92,12,46,5,147,752,745,10,1459,785,5,2,2,16505,112,2104,,727,177,26134,,5,467,0,99,29,2009-2010
Sunderland,11,16,48,77,9,444,159,11,10,6,1,44,4,6,93,7,56,0,162,829,890,10,1641,904,2,6,5,12489,136,2265,,884,180,22903,,7,534,0,54,30,2009-2010
Wigan Athletic,9,20,37,65,3,555,174,13,10,1,2,32,5,1,50,8,79,0,131,743,908,13,1353,666,1,7,7,14753,126,2607,,681,181,25000,,11,613,0,46,20,2009-2010
Chelsea,27,6,103,54,5,834,288,13,16,11,3,94,9,8,96,18,32,0,103,705,772,10,1055,560,1,5,4,18852,268,2071,,1083,286,28914,,3,503,1,87,30,2009-2010
Liverpool,18,11,61,55,5,642,189,20,6,3,0,53,8,4,62,17,35,0,81,763,958,6,1094,603,2,4,3,18575,142,2454,,1017,268,28704,,1,489,1,52,28,2009-2010
Wolverhampton Wanderers,9,18,32,63,4,436,119,8,6,2,0,29,3,0,65,8,56,0,127,537,705,15,1618,784,3,6,5,13020,60,2307,,940,204,22641,,6,410,1,118,29,2009-2010
West Ham United,8,19,47,62,3,549,191,12,13,7,1,41,6,0,92,8,66,4,160,755,830,10,1623,870,3,6,5,14616,164,2197,,689,180,24973,,8,522,1,72,35,2009-2010
Portsmouth,7,24,34,68,5,533,151,7,7,3,1,31,3,2,93,7,66,0,135,681,774,14,1356,751,3,9,8,13509,95,1977,,818,189,23416,,4,497,1,83,27,2009-2010
Hull City,6,20,34,64,6,388,120,6,8,6,2,27,7,1,86,7,75,0,157,674,760,12,1528,805,5,8,7,11731,46,2128,,753,150,21522,,4,535,1,59,46,2009-2010
Arsenal,23,9,83,56,1,660,233,15,11,3,2,65,18,9,93,14,41,3,89,839,818,26,1091,640,2,7,5,19291,334,1837,,1023,257,29807,,3,713,2,75,24,2009-2010
Manchester City,18,7,73,49,2,526,195,9,9,5,3,63,10,10,120,11,45,0,120,805,802,18,1269,689,1,7,5,16323,203,2335,,809,237,26446,,4,509,2,45,21,2009-2010
Everton,16,9,60,57,2,589,194,12,16,5,2,52,8,2,94,11,49,0,137,827,768,19,1601,880,3,2,0,14832,115,2335,,1022,230,24914,,4,600,2,52,17,2009-2010
Bolton Wanderers,10,19,42,74,5,558,163,10,10,4,2,38,4,0,58,5,67,0,147,735,912,15,1638,936,4,5,3,11404,114,2277,,875,183,21587,,9,445,2,50,19,2009-2010
Tottenham Hotspur,21,10,67,58,1,681,226,13,12,2,2,59,8,6,117,13,41,4,129,804,844,10,1360,729,0,9,6,15474,122,2535,,912,241,25855,,6,516,3,93,48,2009-2010
Stoke City,11,13,34,63,5,402,113,5,9,2,0,32,2,1,86,14,48,4,184,738,724,8,1632,1010,1,6,3,10307,61,2176,,661,181,19825,,3,383,3,117,17,2009-2010
Burnley,8,24,42,57,2,459,153,14,6,6,2,38,4,2,66,3,82,0,147,661,686,13,1552,775,2,9,5,13591,83,2348,,825,174,23571,,7,524,3,55,27,2009-2010
Manchester United,23,4,78,56,3,618,212,15,18,3,1,71,7,5,102,15,37,0,107,646,693,17,1053,634,1,6,5,18870,212,2279,2411,1005,243,26671,50,2,471,0,45,16,2010-2011
Liverpool,17,14,59,63,2,582,205,12,8,6,1,54,5,3,87,14,44,0,128,592,908,2,1073,563,3,8,7,16728,148,2038,2500,824,212,24941,43,6,493,0,74,26,2010-2011
Everton,13,10,51,55,5,580,181,8,14,3,2,43,8,4,78,9,45,0,149,470,768,12,1265,652,2,2,2,14371,72,2232,2089,1019,245,22628,47,2,525,0,51,30,2010-2011
Aston Villa,12,14,48,71,2,506,165,19,13,4,2,42,6,4,92,7,59,0,183,667,844,16,1116,621,1,4,4,14611,123,1970,1901,973,230,22681,57,7,350,0,30,25,2010-2011
Sunderland,12,15,45,57,5,532,154,10,7,4,1,40,5,2,98,13,56,0,134,694,820,17,1291,686,1,6,5,14166,129,2220,2072,863,181,22628,35,16,441,0,62,40,2010-2011
West Bromwich Albion,12,15,56,52,7,597,184,12,10,4,1,50,6,3,102,2,71,0,126,662,725,10,1088,609,5,6,6,14252,101,2286,2138,807,187,22224,43,8,524,0,38,23,2010-2011
Blackburn Rovers,11,17,46,65,5,453,135,10,9,1,2,39,7,1,87,8,59,0,183,734,748,11,1521,799,1,8,6,11178,54,2057,1558,821,173,19421,44,8,357,0,50,26,2010-2011
Newcastle United,11,14,56,78,2,507,168,10,15,5,0,50,6,1,82,9,57,0,134,608,666,11,1025,598,2,6,5,14194,95,2104,2041,1022,202,22108,62,7,527,0,56,26,2010-2011
Wolverhampton Wanderers,11,20,46,62,2,459,139,14,10,3,1,41,5,1,93,5,66,0,151,520,677,11,1205,663,2,4,4,14823,82,2350,2256,1104,241,22772,29,7,426,0,84,19,2010-2011
Blackpool,10,19,55,47,2,531,161,11,8,7,3,44,11,3,97,6,78,3,206,451,780,7,1616,860,5,3,2,15113,75,2582,2543,836,183,23616,46,16,499,0,49,29,2010-2011
Chelsea,21,9,69,59,1,745,244,21,12,6,2,61,8,4,113,15,33,0,127,616,769,19,762,470,1,3,2,19236,252,2044,2465,995,257,27426,70,7,573,1,84,22,2010-2011
Manchester City,21,9,60,71,5,546,177,16,4,8,2,51,9,2,103,18,33,2,130,629,826,4,1206,680,0,4,3,17768,170,1721,2469,762,222,25892,51,2,520,1,66,27,2010-2011
Fulham,11,11,49,52,1,547,172,10,15,2,2,42,7,2,100,14,43,0,120,668,799,5,1513,878,5,1,0,16345,119,2059,2563,865,191,24796,38,12,559,1,82,37,2010-2011
Wigan Athletic,9,14,40,67,4,511,170,9,3,2,5,32,8,5,71,7,61,0,116,763,914,20,1196,628,0,6,4,15180,111,2217,2183,620,169,23517,39,5,540,1,50,25,2010-2011
Birmingham City,8,15,37,57,3,401,121,11,10,2,0,34,3,1,91,9,58,0,179,573,668,7,1261,771,4,6,5,14036,82,2657,2221,784,150,21652,30,9,375,1,71,21,2010-2011
West Ham United,7,19,43,59,1,572,174,18,9,5,0,38,5,1,120,5,70,0,184,583,783,13,1353,723,2,6,5,13367,126,2126,1903,814,181,21823,44,9,574,1,39,41,2010-2011
Arsenal,19,8,72,65,6,654,238,23,9,4,1,67,5,3,93,13,43,0,94,709,772,3,1077,580,1,9,6,20150,373,1462,2278,928,252,28629,88,4,601,2,56,25,2010-2011
Tottenham Hotspur,16,8,55,51,2,657,191,15,10,5,0,40,15,3,59,8,46,0,139,661,754,16,1363,800,1,6,4,16791,111,2407,2142,954,256,25438,51,6,560,2,68,50,2010-2011
Stoke City,13,18,46,68,2,482,143,20,11,3,2,42,4,4,74,9,48,0,156,532,716,13,1316,791,2,5,3,10349,58,2062,1382,766,191,18195,39,5,449,2,64,20,2010-2011
Bolton Wanderers,12,16,52,67,5,570,173,9,10,4,1,44,8,3,57,5,56,0,150,627,939,17,1466,854,0,6,3,12704,104,2360,1579,850,197,21351,42,10,418,2,46,22,2010-2011
Tottenham Hotspur,20,9,66,43,3,701,230,12,5,4,1,52,14,5,93,14,41,0,122,716,733,12,1045,561,1,1,1,19564,164,2323,2944,846,279,27761,62,6,539,0,28,12,2011-2012
Chelsea,18,10,65,74,4,671,224,20,12,4,0,60,5,2,70,10,46,1,111,637,698,5,881,477,1,6,4,18766,158,2021,2886,972,253,26276,37,10,571,0,70,17,2011-2012
Fulham,14,14,48,54,0,541,195,24,7,3,2,42,6,3,85,11,51,0,141,644,669,3,1005,479,2,3,3,17669,64,2004,3004,649,187,24891,38,4,469,0,69,26,2011-2012
Stoke City,11,15,36,60,2,376,94,7,14,4,0,33,3,1,62,9,53,11,157,461,655,4,1910,959,3,7,7,10831,23,2194,1699,826,166,18936,33,4,460,0,68,23,2011-2012
Queens Park Rangers,10,21,43,54,9,539,150,15,10,2,3,36,7,0,83,7,66,0,187,547,764,1,1412,800,2,3,3,13383,42,2149,2005,796,195,21309,23,8,429,0,26,22,2011-2012
Aston Villa,7,14,37,70,2,438,138,9,3,3,0,29,8,1,85,9,53,0,176,740,774,4,1301,682,2,7,6,13158,62,1980,2013,834,218,21017,39,8,300,0,41,15,2011-2012
Manchester City,28,5,93,51,5,738,250,21,10,7,1,73,20,6,85,17,29,1,111,631,694,6,930,525,2,3,2,20863,321,1734,2937,843,269,28620,65,6,480,1,39,21,2011-2012
Manchester United,28,5,89,51,1,646,243,17,16,9,2,74,15,2,89,20,33,0,138,574,803,6,1165,749,2,3,2,20184,103,2189,2765,1018,279,28113,64,3,521,1,37,26,2011-2012
Arsenal,21,10,74,64,4,637,236,15,9,2,2,64,10,9,88,13,49,0,93,605,751,25,766,411,5,4,3,20599,294,1665,2754,896,262,28338,74,3,587,1,52,27,2011-2012
Liverpool,14,14,47,53,5,667,207,33,8,1,2,40,7,3,128,12,40,0,108,505,728,5,720,365,3,5,4,18797,105,2260,2991,1103,309,26450,66,2,440,1,22,19,2011-2012
Sunderland,11,15,45,60,4,458,141,11,8,1,5,32,13,3,76,12,46,0,194,652,824,7,1158,600,2,5,3,13913,45,2135,2159,864,181,21770,39,8,423,1,65,26,2011-2012
Bolton Wanderers,10,22,46,50,5,495,163,8,7,5,0,40,6,0,55,3,77,0,169,694,732,9,1255,648,1,3,2,13580,101,2123,1955,769,210,21694,25,8,442,1,58,16,2011-2012
Blackburn Rovers,8,23,48,66,5,453,143,10,13,4,2,41,7,2,58,3,78,0,149,716,690,6,1328,575,4,3,2,12424,59,2067,1934,610,166,20036,37,6,370,1,53,10,2011-2012
Newcastle United,19,11,56,67,2,489,154,19,6,2,3,44,12,4,97,15,51,1,143,621,744,8,987,475,0,9,7,14638,97,2130,2384,730,171,22210,27,12,592,2,59,23,2011-2012
Everton,15,12,50,60,2,520,164,12,9,5,1,42,8,1,116,12,40,2,145,617,624,6,1130,555,3,4,1,15063,67,2048,2108,877,180,22706,43,2,487,2,57,25,2011-2012
West Bromwich Albion,13,17,45,48,1,544,167,13,9,1,2,35,10,3,128,10,52,4,167,556,683,6,960,521,2,9,7,14691,69,1776,2094,783,212,22205,34,7,419,2,60,19,2011-2012
Norwich City,12,15,52,58,3,514,164,7,15,2,1,47,5,4,74,3,66,0,157,468,692,6,1451,767,1,7,5,15165,51,2430,2420,863,165,22830,30,9,379,2,56,20,2011-2012
Swansea City,12,15,44,40,2,472,145,14,7,5,1,36,8,1,67,14,51,0,146,579,709,3,1048,439,2,3,1,20795,105,2121,3726,721,201,28300,36,3,518,2,69,22,2011-2012
Wolverhampton Wanderers,5,23,40,64,4,473,152,10,9,3,0,37,3,1,82,4,82,9,159,598,619,4,1178,495,2,7,5,14860,30,2249,2538,999,205,22585,29,6,425,2,81,22,2011-2012
Wigan Athletic,11,17,42,67,3,519,162,13,6,5,1,29,13,2,71,8,62,0,129,578,729,7,925,413,1,8,4,15715,55,2154,2322,744,212,22943,41,3,414,4,42,23,2011-2012
Manchester United,28,5,86,57,1,561,213,24,14,4,1,77,9,2,96,13,43,1,143,514,731,4,1319,848,4,0,0,19696,103,1973,2727,962,218,27264,65,5,506,0,38,28,2012-2013
Chelsea,22,7,75,51,3,626,212,7,16,9,3,64,11,3,80,14,39,6,104,504,710,4,981,603,2,1,0,18425,52,2008,2790,863,240,25959,45,1,434,0,53,29,2012-2013
Tottenham Hotspur,21,8,66,55,2,681,241,17,6,0,2,50,16,6,77,9,46,0,90,721,745,8,1595,870,1,3,3,16647,101,2028,2542,884,262,25155,41,6,466,0,44,30,2012-2013
Everton,16,7,55,59,3,633,207,21,13,2,1,44,11,4,100,11,40,4,126,592,720,7,1172,677,2,2,2,15829,54,2055,2271,989,257,23854,67,8,449,0,61,28,2012-2013
West Ham United,12,16,45,74,1,492,158,9,9,4,2,38,7,2,82,11,53,2,166,459,728,4,1520,788,1,2,2,12582,26,1910,2111,1014,212,20669,38,4,493,0,36,6,2012-2013
Newcastle United,11,19,45,71,4,533,174,12,6,4,3,34,11,2,84,6,68,0,115,478,732,9,1584,741,1,4,4,14599,84,2285,2364,941,203,23005,44,5,506,0,74,38,2012-2013
Stoke City,9,14,34,78,4,390,114,12,9,3,0,33,1,1,72,12,45,9,159,499,728,5,1161,567,4,6,6,12287,32,1989,1838,855,165,19830,35,3,397,0,91,6,2012-2013
Sunderland,9,17,41,62,3,417,139,7,2,4,1,33,8,3,68,11,54,0,178,582,784,9,1155,607,4,4,4,13109,52,1952,1984,868,179,20782,30,8,423,0,52,39,2012-2013
Reading,6,22,43,45,1,394,128,9,12,4,1,39,4,2,80,5,73,0,166,560,602,10,1300,620,0,4,4,11806,38,1855,1760,1009,189,19613,25,12,442,0,47,37,2012-2013
Queens Park Rangers,4,21,30,59,3,500,146,9,4,1,0,18,12,3,108,7,60,0,174,660,818,4,1363,703,5,3,3,13632,50,1800,1925,683,170,21941,32,8,453,0,56,37,2012-2013
Manchester City,23,6,66,62,3,660,231,16,6,4,2,57,9,6,75,18,34,1,111,492,683,3,1068,551,2,2,1,20061,161,1613,2720,860,269,27525,86,6,515,1,28,23,2012-2013
Arsenal,21,7,72,42,5,597,205,16,11,5,2,65,7,7,80,14,37,0,94,636,748,19,873,492,0,6,4,21110,226,1755,3079,951,260,28862,50,5,411,1,31,20,2012-2013
Liverpool,16,9,71,54,2,739,232,19,9,5,3,59,12,1,110,16,43,0,107,526,795,2,914,448,1,5,4,19802,101,2040,3004,794,284,27722,61,3,529,1,38,23,2012-2013
West Bromwich Albion,14,17,53,63,4,506,170,15,13,5,0,46,7,5,100,8,57,2,158,377,698,1,1079,670,3,6,5,14367,30,1896,2123,778,202,21491,39,3,455,1,77,15,2012-2013
Swansea City,11,14,47,58,2,504,167,11,7,0,1,41,6,2,87,10,51,0,157,697,686,2,1353,695,1,5,4,19943,79,2024,3599,790,193,27641,42,10,361,1,51,25,2012-2013
Aston Villa,10,17,47,72,3,438,141,10,7,3,1,35,12,6,97,5,69,2,177,769,741,9,1520,733,5,8,7,14247,58,1900,2236,676,177,22314,33,9,505,1,101,25,2012-2013
Wigan Athletic,9,20,47,66,2,500,170,7,9,1,2,42,5,3,83,5,73,0,135,692,716,3,901,423,3,7,6,17927,54,2048,2773,813,198,25173,36,5,418,1,41,28,2012-2013
Norwich City,10,14,41,60,1,413,134,7,13,1,4,36,5,0,97,10,58,0,141,540,676,4,1146,437,3,7,4,13403,47,1994,2178,837,172,20675,40,5,387,2,46,19,2012-2013
Fulham,11,17,50,48,3,460,160,19,10,6,1,43,7,2,74,8,60,0,161,745,680,3,1274,669,0,6,3,16940,40,2131,2887,733,176,24744,34,7,446,3,67,24,2012-2013
Southampton,9,15,49,43,2,516,167,16,9,3,2,45,4,2,86,7,60,0,109,779,819,21,1275,566,5,5,2,16810,247,1826,2578,917,209,25365,41,3,477,3,56,16,2012-2013
Manchester City,27,6,102,72,1,673,238,19,10,6,5,86,16,5,59,16,37,88,61,496,756,8,938,531,2,1,1,20761,120,1791,3195,892,283,28341,59,0,411,0,64,31,2013-2014
Chelsea,25,6,71,57,3,692,229,19,6,5,2,54,17,5,106,18,27,96,95,380,733,4,1141,741,2,1,1,18266,53,2052,2800,809,248,26541,44,2,392,0,42,16,2013-2014
Manchester United,19,12,64,66,3,526,183,16,10,5,5,53,11,1,97,13,43,103,108,595,676,4,1382,856,1,4,3,18894,61,2077,2898,1000,216,27367,38,1,491,0,32,14,2013-2014
Newcastle United,15,19,43,53,6,579,182,14,8,2,1,35,8,3,78,10,59,108,101,601,736,15,1110,596,1,5,5,16087,131,1810,2424,787,190,24484,45,4,453,0,51,21,2013-2014
Southampton,15,12,54,60,0,534,179,16,10,3,2,46,8,2,97,15,46,85,66,528,805,6,1201,638,1,3,3,19577,80,2401,3121,877,210,28030,37,1,522,0,50,18,2013-2014
Crystal Palace,13,19,33,58,2,414,143,9,6,5,1,28,5,2,71,12,48,119,139,695,845,7,1409,852,2,6,6,11792,19,1904,1752,706,172,20309,31,4,361,0,81,8,2013-2014
Swansea City,11,18,54,55,3,496,161,7,9,4,0,45,9,0,76,8,54,96,117,644,674,7,1083,606,1,4,4,21113,49,2126,3312,902,226,29158,20,6,400,0,45,20,2013-2014
West Ham United,11,20,40,62,5,422,122,11,5,2,1,36,4,2,76,14,51,151,199,404,651,12,1401,820,1,6,6,12364,34,2061,2016,951,185,20511,33,8,371,0,54,9,2013-2014
Sunderland,10,20,41,69,7,491,138,10,7,6,1,37,4,4,70,11,60,160,144,414,702,2,903,510,6,2,2,14457,41,2092,2254,749,188,21922,29,3,411,0,71,20,2013-2014
Fulham,9,24,40,58,1,431,149,11,7,2,1,31,9,1,86,5,85,154,182,499,702,4,1351,779,5,4,4,14674,32,2180,2329,708,194,22771,45,12,483,0,71,21,2013-2014
Norwich City,8,21,28,62,2,467,148,15,7,1,1,19,9,1,48,12,62,125,154,529,675,4,1071,472,3,4,4,14747,58,2105,2264,818,197,22570,37,10,489,0,72,11,2013-2014
Cardiff City,7,22,32,49,1,418,124,10,9,1,0,28,4,0,81,7,74,157,178,491,619,4,1268,702,0,2,2,14007,35,2047,2195,792,196,22018,30,5,490,0,59,13,2013-2014
Liverpool,26,6,101,54,1,651,258,27,14,10,6,82,19,9,78,10,50,107,127,465,848,3,1339,750,6,4,3,19599,191,1895,2959,643,224,28172,64,5,427,1,36,29,2013-2014
Arsenal,24,7,68,53,4,523,213,15,12,3,0,63,5,4,74,17,41,116,101,541,714,14,1207,703,2,6,5,21561,144,1799,3211,753,210,29825,50,3,367,1,70,27,2013-2014
Tottenham Hotspur,21,11,55,66,4,588,192,12,6,5,2,45,10,4,64,14,51,106,81,560,750,4,974,585,3,5,3,17933,41,2121,2596,849,230,26241,64,3,598,1,41,38,2013-2014
Aston Villa,10,20,39,78,0,431,135,11,10,2,3,33,6,4,84,9,61,110,126,460,747,4,1068,487,4,6,5,13856,30,2298,2231,749,163,21453,27,3,359,1,102,15,2013-2014
Hull City,10,21,38,53,4,427,132,16,10,2,1,30,8,2,86,10,53,106,146,616,723,4,1048,588,2,4,3,15267,22,2181,2431,853,160,22985,31,6,413,1,24,24,2013-2014
Everton,21,8,61,55,1,561,196,14,6,3,5,49,12,3,80,15,39,117,130,463,744,9,1103,672,4,6,3,18301,49,2239,2871,848,251,26857,28,2,471,2,59,14,2013-2014
Stoke City,13,14,45,72,5,428,137,14,2,4,2,31,14,3,81,9,52,127,153,474,791,5,1090,604,1,7,5,15324,40,1970,2453,731,164,23324,36,2,469,2,84,17,2013-2014
West Bromwich Albion,7,16,43,67,0,487,146,6,6,2,0,35,8,1,91,7,59,114,125,595,701,1,1176,712,2,7,5,14704,41,1942,2036,834,187,22866,35,0,514,2,65,14,2013-2014
Chelsea,26,3,73,73,4,564,210,15,10,4,1,66,7,1,75,17,32,90,102,376,759,2,1027,611,1,3,3,20268,73,2276,3259,682,226,27861,40,2,476,0,73,13,2014-2015
Arsenal,22,7,71,68,2,610,227,13,10,6,3,62,9,2,64,13,36,96,106,762,739,3,1006,565,1,3,3,20527,202,1749,2793,866,254,29045,51,2,476,0,76,13,2014-2015
Southampton,18,14,54,57,3,509,169,17,3,2,0,50,4,0,93,15,33,80,94,619,813,5,875,400,0,2,2,18184,38,2729,2850,952,208,25815,44,4,422,0,50,15,2014-2015
Swansea City,16,14,46,48,5,426,147,12,5,2,2,38,8,1,80,13,49,141,146,693,634,0,1203,646,1,2,2,17877,56,2291,2918,634,151,25645,35,3,363,0,91,31,2014-2015
Stoke City,15,14,48,82,1,500,136,9,14,3,0,41,7,1,75,9,45,96,134,496,729,8,1159,694,0,5,5,15386,12,2429,2317,887,195,23427,32,3,428,0,68,12,2014-2015
Everton,12,15,48,66,2,483,166,11,10,4,1,40,8,5,83,10,50,80,167,444,657,8,1280,737,2,4,4,18809,64,2563,2908,690,194,26729,32,3,461,0,71,24,2014-2015
Leicester City,11,19,46,49,4,456,137,12,7,3,0,38,8,3,60,10,55,124,161,750,791,5,1177,701,5,4,3,13343,22,2706,1985,912,211,21547,44,2,355,0,38,26,2014-2015
Aston Villa,10,20,31,70,7,418,125,5,7,1,1,28,3,2,70,10,57,112,135,487,623,6,1130,661,1,4,4,16527,14,2740,2575,766,171,23785,26,2,413,0,77,18,2014-2015
Newcastle United,10,19,40,65,7,468,143,6,7,1,0,34,6,1,38,8,63,98,100,639,824,6,1020,569,1,4,4,15019,57,2378,2320,864,222,23375,34,3,466,0,53,21,2014-2015
Sunderland,7,14,31,94,2,408,130,11,8,4,2,25,6,2,69,13,53,144,168,578,759,4,994,525,5,4,4,14451,40,2484,2290,687,186,22037,23,3,411,0,82,17,2014-2015
Manchester City,24,7,83,77,2,670,229,18,5,7,3,68,15,9,78,14,38,93,98,569,751,1,872,498,3,4,3,22107,115,1937,3140,795,277,29652,42,1,546,1,52,31,2014-2015
Manchester United,20,8,62,64,5,512,180,11,12,3,2,55,7,2,87,11,37,100,96,679,739,4,1118,638,1,4,3,21311,89,2969,3457,908,214,29044,43,5,393,1,33,7,2014-2015
Tottenham Hotspur,19,12,58,79,4,527,171,11,8,3,4,47,11,2,77,9,53,119,117,674,815,6,1047,636,2,7,5,19322,69,2357,2604,742,224,27495,39,1,552,1,51,28,2014-2015
West Bromwich Albion,11,16,38,64,3,412,132,10,16,4,0,35,3,1,65,16,51,131,155,585,696,2,1084,597,0,7,5,14445,56,2732,2147,712,171,21820,25,4,507,1,76,13,2014-2015
Liverpool,18,12,52,66,3,590,192,12,5,5,1,44,8,2,75,14,48,93,105,442,798,9,1175,628,2,3,1,19374,103,2151,2787,638,198,27353,34,3,468,2,38,41,2014-2015
Crystal Palace,13,16,47,63,4,441,139,14,10,5,4,41,6,0,77,7,51,94,154,600,791,2,1270,779,0,6,4,12071,22,2609,1732,834,209,20386,25,7,325,2,77,9,2014-2015
Hull City,8,19,33,73,6,428,131,11,10,1,0,30,3,2,72,10,51,102,158,607,763,2,1316,761,0,3,1,14864,21,2726,2237,804,169,22464,22,7,443,2,36,23,2014-2015
Queens Park Rangers,8,24,42,75,3,534,150,16,10,3,1,34,8,1,81,6,73,142,159,561,781,6,1445,884,4,4,2,13659,17,3004,1922,756,179,21907,39,6,468,2,57,20,2014-2015
Burnley,7,19,28,64,2,430,125,13,8,1,1,24,4,0,64,10,53,128,180,568,615,3,1458,999,2,5,3,13632,17,3021,1891,783,171,21624,27,8,345,2,53,15,2014-2015
West Ham United,12,15,44,64,2,488,152,13,15,1,1,35,9,1,91,9,47,133,165,505,647,7,1474,835,2,5,2,13568,42,2548,2180,968,241,21793,37,3,404,3,52,15,2014-2015
Leicester City,23,3,68,48,3,522,179,11,11,10,0,65,3,6,50,15,36,99,166,819,869,0,1040,552,0,4,4,13370,54,2695,1970,762,197,21710,61,7,366,0,49,22,2015-2016
Arsenal,20,7,65,40,4,571,211,21,13,1,1,61,4,3,86,18,36,118,128,734,709,4,849,418,3,1,1,21249,168,1859,2946,754,227,29337,69,3,511,0,45,20,2015-2016
Manchester City,19,10,71,61,0,615,210,15,13,5,0,57,14,5,63,16,41,86,66,630,729,3,940,513,1,1,1,20488,84,2082,2895,866,257,28396,50,2,556,0,38,41,2015-2016
Manchester United,19,10,49,65,1,430,144,9,5,3,1,44,5,2,75,18,35,90,96,594,760,4,755,373,2,2,2,20070,43,2649,3221,786,228,27542,28,4,522,0,29,13,2015-2016
Tottenham Hotspur,19,6,69,72,0,659,252,19,7,5,2,59,10,3,72,13,35,89,140,645,805,1,1046,576,3,2,2,18649,64,2554,2708,738,254,27014,47,2,581,0,38,27,2015-2016
Southampton,18,11,59,57,6,519,166,13,15,3,1,53,6,3,98,12,41,94,136,709,714,3,1101,515,0,1,1,15913,46,2509,2385,956,220,23716,43,6,425,0,36,12,2015-2016
Stoke City,14,15,41,51,4,419,128,5,9,5,0,33,8,0,103,10,55,121,149,576,710,7,826,426,0,5,5,16342,60,2379,2440,683,153,23663,35,3,359,0,59,15,2015-2016
Swansea City,12,15,42,60,1,441,136,14,6,5,3,35,7,3,82,9,52,119,134,679,638,2,1058,559,5,2,2,18169,46,2416,2796,725,163,25989,31,2,465,0,85,34,2015-2016
Crystal Palace,11,18,39,60,2,469,153,12,7,4,1,33,6,0,81,8,51,122,176,698,649,3,963,506,4,4,4,13785,16,2759,2185,969,219,21861,36,4,467,0,43,5,2015-2016
Everton,11,13,59,44,5,491,175,18,10,4,0,53,6,2,55,10,55,127,160,511,730,3,994,489,1,6,5,17947,57,2742,2699,782,218,25741,49,4,453,0,53,14,2015-2016
West Bromwich Albion,10,15,34,65,3,388,107,10,12,1,1,31,3,0,68,11,48,109,172,721,642,4,992,547,3,6,5,12262,29,2661,1638,847,188,19822,28,5,480,0,54,14,2015-2016
Norwich City,9,22,39,61,3,418,129,11,3,1,0,33,6,0,93,5,67,103,108,473,608,3,1212,708,2,10,9,14483,17,2722,2124,818,188,21936,30,4,426,0,63,20,2015-2016
Sunderland,9,17,48,64,2,439,141,10,2,3,4,40,8,2,88,7,62,156,144,571,767,4,1277,616,1,8,7,12799,57,2635,1841,589,153,20339,29,7,376,0,64,19,2015-2016
Liverpool,16,10,63,61,3,629,202,16,12,2,1,48,15,1,91,11,50,81,108,549,871,4,871,407,1,3,2,19733,75,2370,2842,780,265,27890,36,2,560,1,41,18,2015-2016
Chelsea,12,12,59,58,5,526,173,4,6,4,4,48,11,1,90,9,53,122,136,518,790,2,790,398,2,4,3,19664,74,2312,2933,732,240,27362,33,4,413,1,54,27,2015-2016
Newcastle United,9,19,44,60,5,397,151,6,12,3,1,38,6,4,59,8,65,115,155,646,793,4,939,486,2,5,4,15118,28,2578,2357,775,161,22993,26,2,435,1,70,31,2015-2016
Aston Villa,3,27,27,75,3,380,110,7,6,2,0,21,6,1,42,6,76,116,111,768,731,2,973,499,4,5,3,15308,12,2507,2269,796,167,23234,20,5,338,1,66,28,2015-2016
West Ham United,16,8,65,58,5,558,185,19,15,4,4,55,10,2,82,11,51,111,162,668,711,1,1003,568,2,8,6,15031,32,2568,2236,805,224,23104,39,8,389,2,50,19,2015-2016
AFC Bournemouth,11,18,45,53,1,464,143,8,11,3,0,39,6,0,66,7,67,90,106,640,709,1,951,526,0,6,4,17270,33,2484,2541,749,221,25291,25,2,410,2,58,12,2015-2016
Watford,12,17,40,73,3,446,140,9,5,6,1,37,3,0,52,11,50,121,111,764,794,1,931,394,2,8,4,14530,29,2939,2164,704,164,22363,31,2,391,3,67,66,2015-2016
Chelsea,30,5,85,72,0,580,204,17,8,2,3,73,12,7,64,16,33,69,78,510,652,0,839,500,1,2,2,20125,103,2399,2967,688,218,27658,32,3,436,0,38,18,2016-2017
Tottenham Hotspur,26,4,86,62,0,669,257,22,10,7,0,74,12,3,74,17,26,85,99,314,661,1,1003,526,1,2,2,20150,45,2662,3130,761,273,28150,41,1,484,0,21,11,2016-2017
Arsenal,23,9,77,68,3,566,201,17,17,4,2,70,7,2,95,13,44,124,95,536,673,5,838,484,1,10,10,21394,129,1979,2835,697,227,28931,41,1,465,0,36,10,2016-2017
Crystal Palace,12,21,50,77,0,439,138,8,13,4,0,48,2,0,55,7,63,108,125,553,699,4,1022,557,0,2,2,13542,20,2729,2108,872,203,21533,27,7,496,0,56,12,2016-2017
Leicester City,12,18,48,72,1,433,145,8,10,4,1,39,9,4,65,9,63,131,141,538,677,3,1025,567,2,4,4,13671,25,2792,1916,731,197,21051,29,2,310,0,45,16,2016-2017
West Bromwich Albion,12,17,43,80,0,399,123,11,16,1,1,37,6,3,59,6,51,116,150,537,605,0,999,577,1,3,3,11825,37,2653,1798,766,159,19042,24,3,445,0,53,10,2016-2017
Sunderland,6,26,29,78,4,387,119,4,1,5,0,26,3,0,78,6,69,176,171,543,630,0,1170,616,2,4,4,12359,38,2592,1880,616,159,19639,19,5,388,0,57,24,2016-2017
Middlesbrough,5,20,27,77,1,351,100,6,8,2,0,26,1,3,51,11,53,117,149,549,727,4,1090,575,0,5,4,15736,37,2856,2448,722,141,23067,19,4,357,0,39,17,2016-2017
Manchester United,18,5,54,78,2,591,210,19,9,3,1,47,7,5,99,17,29,85,99,584,690,4,1112,580,1,5,4,20245,99,2424,3177,848,217,28119,50,1,389,1,32,4,2016-2017
Southampton,12,16,41,59,2,550,179,12,4,3,0,37,4,0,73,14,48,76,128,514,675,1,914,505,1,9,6,18245,57,2336,2784,947,198,25881,34,4,455,1,26,12,2016-2017
Swansea City,12,21,45,56,0,405,145,10,15,3,2,40,5,1,49,8,70,121,136,459,635,1,1037,539,5,9,6,16131,15,2579,2495,864,196,23728,25,2,446,1,72,16,2016-2017
West Ham United,12,17,47,78,5,499,138,14,14,3,3,41,6,3,74,10,64,117,112,614,574,4,1074,625,0,8,5,15127,37,2622,2312,752,172,22666,24,3,367,1,47,11,2016-2017
Burnley,11,20,39,65,2,391,120,5,4,6,3,31,8,2,101,10,55,151,221,539,638,2,1233,698,2,5,4,12558,21,3176,1888,650,149,19776,18,6,334,1,29,14,2016-2017
Stoke City,11,16,41,70,2,425,137,14,7,4,2,36,5,0,85,11,56,127,159,497,666,3,1009,505,5,3,1,14558,54,2507,2170,718,188,22087,41,5,415,1,40,23,2016-2017
Watford,11,20,40,84,5,422,143,7,9,3,0,36,4,0,61,7,68,121,140,512,618,0,1016,494,2,4,3,14049,22,2600,2200,686,164,21547,25,3,390,1,53,35,2016-2017
Manchester City,23,6,80,71,4,633,216,20,8,7,2,73,7,6,89,12,39,64,66,504,643,0,905,544,1,5,2,22706,124,1997,3534,801,280,30363,48,4,465,2,26,20,2016-2017
Liverpool,22,6,78,54,0,640,236,18,12,7,3,65,13,3,77,12,42,73,65,410,719,2,877,451,0,5,3,22290,57,2565,3291,812,249,30071,35,0,472,2,36,26,2016-2017
Everton,17,11,62,72,2,502,191,12,13,3,2,59,3,2,82,13,44,96,149,461,712,6,1118,628,1,6,3,17586,38,2968,2744,767,196,25309,28,9,469,2,56,19,2016-2017
AFC Bournemouth,12,16,55,52,3,452,160,19,5,7,0,51,5,2,53,10,67,123,150,460,604,1,1092,616,5,5,2,17152,51,2461,2651,628,193,24801,31,4,439,2,36,21,2016-2017
Hull City,9,22,37,67,5,397,126,10,5,3,2,33,4,3,71,5,80,137,184,573,631,3,1101,600,5,13,11,15596,41,2650,2487,739,179,22779,18,6,399,2,40,18,2016-2017
Manchester United,25,7,68,64,1,512,178,16,12,1,2,56,13,4,88,19,28,118,112,481,564,0,853,436,2,1,1,20064,85,2308,2878,753,220,27525,42,4,399,0,20,6,2017-2018
Tottenham Hotspur,23,7,74,50,2,623,216,13,11,2,1,64,11,8,88,16,36,93,74,380,618,3,825,422,1,3,2,21660,83,2447,3176,825,246,29412,50,1,460,0,20,21,2017-2018
Chelsea,21,10,62,42,4,606,220,11,17,3,2,52,10,1,108,16,38,83,107,423,636,1,768,419,2,2,2,21264,70,2140,3019,755,230,28728,48,3,415,0,27,12,2017-2018
Crystal Palace,11,16,45,72,0,476,151,8,4,8,1,39,6,3,56,9,55,122,117,552,685,6,1022,517,2,2,2,14372,30,2416,2091,703,210,22434,55,6,482,0,39,11,2017-2018
Watford,11,19,44,63,4,440,132,8,9,3,0,38,6,1,74,9,64,95,98,467,668,2,953,492,1,6,6,15654,27,2410,2241,713,183,23127,36,5,410,0,25,28,2017-2018
Stoke City,7,19,35,62,1,384,132,8,8,0,1,28,8,2,87,6,68,152,142,461,678,9,1164,609,2,5,5,12892,33,2528,1979,598,136,20368,33,3,402,0,27,14,2017-2018
West Bromwich Albion,6,19,31,73,1,378,114,7,10,1,1,29,2,2,79,10,56,102,148,469,604,0,993,544,2,1,1,13218,34,2699,2041,784,176,20552,28,3,446,0,40,5,2017-2018
Arsenal,19,13,74,57,2,594,234,17,13,4,1,68,7,0,89,13,51,100,104,427,623,5,829,449,0,6,5,23524,117,1994,3089,572,225,30635,57,5,412,1,39,24,2017-2018
Burnley,14,12,36,65,0,378,128,9,10,0,1,32,4,0,100,12,39,122,191,401,533,2,1184,640,1,6,3,13572,18,3028,2245,707,167,20732,22,5,344,1,60,19,2017-2018
Everton,13,15,44,51,3,359,121,7,8,5,0,36,8,2,82,10,58,121,160,514,644,0,1229,617,1,5,3,14749,25,2726,2212,629,150,22298,36,6,381,1,28,23,2017-2018
AFC Bournemouth,11,16,45,55,1,465,158,10,4,3,1,38,7,0,52,6,61,111,160,367,508,3,1037,523,1,3,2,16131,37,2299,2257,707,218,23634,24,6,419,1,37,20,2017-2018
West Ham United,10,16,48,73,2,372,133,14,6,2,1,39,10,4,97,10,68,122,154,482,621,2,1007,560,1,7,5,14369,51,2567,2177,732,161,21928,29,4,390,1,19,19,2017-2018
Southampton,7,16,37,63,2,450,145,15,7,3,1,34,3,2,73,8,56,110,128,462,658,4,953,509,1,2,1,17174,56,2541,2589,800,227,24639,37,4,379,1,29,13,2017-2018
Manchester City,32,2,106,59,2,665,265,23,12,6,1,93,13,4,67,18,27,62,53,346,563,3,588,308,2,2,0,28241,118,1775,4546,691,284,35130,63,4,406,2,21,15,2017-2018
Liverpool,21,5,84,44,1,638,233,16,12,2,2,75,9,9,70,17,38,67,71,379,637,4,736,362,0,6,4,22962,106,2370,3313,764,230,30324,61,2,447,2,25,20,2017-2018
Leicester City,12,15,56,52,5,423,149,8,9,5,1,49,7,7,92,9,60,107,130,413,630,1,920,487,2,4,2,15200,63,2667,2094,744,203,22770,35,4,358,2,29,23,2017-2018
Newcastle United,12,18,39,52,2,451,149,12,7,0,1,34,5,5,63,9,47,105,117,441,644,6,1125,594,3,6,4,14028,67,2610,2018,616,167,21506,33,7,410,2,40,18,2017-2018
Brighton and Hove Albion,9,16,34,54,2,384,119,8,7,5,0,30,4,0,98,10,54,124,190,449,599,1,1085,625,5,3,1,14675,32,2774,2204,680,163,21668,30,10,296,2,38,14,2017-2018
Huddersfield Town,9,19,28,62,3,362,109,8,5,2,0,27,1,2,67,10,58,103,118,519,744,4,1070,490,1,6,4,14960,26,2563,2267,765,165,22619,21,6,416,2,31,24,2017-2018
Swansea City,8,21,28,51,1,338,103,8,3,1,0,24,4,0,38,9,56,137,124,390,610,2,943,499,2,7,3,15721,23,2580,2582,694,150,22775,26,1,439,3,44,15,2017-2018